{"MOTA": 0.9719131468078211, "MOTP": 0.8908870948286033, "IDF1": 0.6042452321948066, "IDSW": 38, "HOTA": 0.561620808092061, "FP": 135, "FN": 87, "IDS": 14}