{"MOTA": 0.9535766423357664, "MOTP": 0.8796712439009327, "IDF1": 0.3766425513066588, "IDSW": 70, "HOTA": 0.39365990468514217, "FP": 47, "FN": 201, "IDS": 13}