{"MOTA": 0.924292539507534, "MOTP": 0.8960703415381257, "IDF1": 0.7993932499051953, "IDSW": 16, "HOTA": 0.7092748507707133, "FP": 30, "FN": 366, "IDS": 16}