{"MOTA": 0.9926305970149254, "MOTP": 0.9005757204068645, "IDF1": 0.9422073079791201, "IDSW": 3, "HOTA": 0.860282374773719, "FP": 46, "FN": 30, "IDS": 11}