{"MOTA": 0.9946741060106518, "MOTP": 0.8802585407499497, "IDF1": 0.9973329946659893, "IDSW": 0, "HOTA": 0.8682936931920329, "FP": 9, "FN": 33, "IDS": 7}