{"MOTA": 0.957619961612284, "MOTP": 0.8668860173556304, "IDF1": 0.45610228593568386, "IDSW": 54, "HOTA": 0.42754078405669044, "FP": 129, "FN": 369, "IDS": 16}