{"MOTA": 0.9930781758957655, "MOTP": 0.9075911236227087, "IDF1": 0.8692464358452139, "IDSW": 10, "HOTA": 0.7780289908171533, "FP": 10, "FN": 14, "IDS": 7}