{"MOTA": 0.9843594009983361, "MOTP": 0.8405079749606351, "IDF1": 0.6934513865686602, "IDSW": 16, "HOTA": 0.5538669138191415, "FP": 15, "FN": 63, "IDS": 7}