{"MOTA": 0.9800531914893617, "MOTP": 0.8764563731099018, "IDF1": 0.7772964567366434, "IDSW": 13, "HOTA": 0.6512736842878253, "FP": 28, "FN": 49, "IDS": 10}