{"MOTA": 0.9895715440582054, "MOTP": 0.8786579288555421, "IDF1": 0.8073238753486116, "IDSW": 42, "HOTA": 0.7341282445011273, "FP": 44, "FN": 43, "IDS": 28}