{"MOTA": 0.9453754431195617, "MOTP": 0.8808334381385642, "IDF1": 0.6171875, "IDSW": 31, "HOTA": 0.6070006645569479, "FP": 92, "FN": 216, "IDS": 17}