{"MOTA": 0.9128388976025095, "MOTP": 0.8634033332698248, "IDF1": 0.38361600958478415, "IDSW": 188, "HOTA": 0.39090438339628364, "FP": 455, "FN": 524, "IDS": 62}