{"MOTA": 0.9502465262214254, "MOTP": 0.8775534024640712, "IDF1": 0.5645659384650578, "IDSW": 17, "HOTA": 0.5248342723875307, "FP": 12, "FN": 193, "IDS": 9}