{"MOTA": 0.9127785794452461, "MOTP": 0.8463576684135691, "IDF1": 0.3564954682779456, "IDSW": 113, "HOTA": 0.31934367749702897, "FP": 102, "FN": 329, "IDS": 14}