{"MOTA": 0.9834591295969166, "MOTP": 0.8410628024046529, "IDF1": 0.5149295774647887, "IDSW": 22, "HOTA": 0.4664706883606631, "FP": 26, "FN": 55, "IDS": 7}