{"MOTA": 0.9481839386871043, "MOTP": 0.8179398809185255, "IDF1": 0.5127340192275257, "IDSW": 51, "HOTA": 0.43987570392016, "FP": 57, "FN": 203, "IDS": 8}