{"MOTA": 0.982874811702212, "MOTP": 0.9025555712475059, "IDF1": 0.5252756808031304, "IDSW": 33, "HOTA": 0.47759529024085756, "FP": 129, "FN": 54, "IDS": 8}