{"MOTA": 0.9624017425892604, "MOTP": 0.8876948895190023, "IDF1": 0.5141626794258373, "IDSW": 59, "HOTA": 0.4804907011103053, "FP": 60, "FN": 278, "IDS": 14}