{"MOTA": 0.9924930378980507, "MOTP": 0.8999482665976404, "IDF1": 0.6726897889886005, "IDSW": 10, "HOTA": 0.6185359691331994, "FP": 13, "FN": 39, "IDS": 10}