{"MOTA": 0.9900249376558603, "MOTP": 0.8558676386726036, "IDF1": 0.7577701858178485, "IDSW": 9, "HOTA": 0.6554838899078144, "FP": 11, "FN": 40, "IDS": 5}