{"MOTA": 0.9132075471698113, "MOTP": 0.8835363706220543, "IDF1": 0.7603576751117734, "IDSW": 17, "HOTA": 0.659384199343327, "FP": 51, "FN": 231, "IDS": 17}