{"MOTA": 0.9529199277543648, "MOTP": 0.8692071550361243, "IDF1": 0.3756906077348066, "IDSW": 64, "HOTA": 0.3663136904170938, "FP": 94, "FN": 233, "IDS": 14}