{"MOTA": 0.9674168626133691, "MOTP": 0.8156429751656877, "IDF1": 0.4753211629479378, "IDSW": 32, "HOTA": 0.3848379342743133, "FP": 43, "FN": 119, "IDS": 9}