{"MOTA": 0.955770850884583, "MOTP": 0.8628420134456124, "IDF1": 0.6083916083916084, "IDSW": 46, "HOTA": 0.5425304177752267, "FP": 129, "FN": 245, "IDS": 22}