{"MOTA": 0.9424216765453006, "MOTP": 0.8175941740869056, "IDF1": 0.5832113646147223, "IDSW": 43, "HOTA": 0.4623646064268988, "FP": 51, "FN": 246, "IDS": 20}