{"MOTA": 0.9672866623048884, "MOTP": 0.8439599409006583, "IDF1": 0.6870882740447958, "IDSW": 34, "HOTA": 0.598888327608212, "FP": 85, "FN": 231, "IDS": 16}