{"MOTA": 0.9847340774786605, "MOTP": 0.8900408265250596, "IDF1": 0.6470830247675471, "IDSW": 16, "HOTA": 0.5942220361788414, "FP": 23, "FN": 54, "IDS": 9}