{"MOTA": 0.9766977363515313, "MOTP": 0.8582370678315115, "IDF1": 0.7085904920767306, "IDSW": 9, "HOTA": 0.5667239998372048, "FP": 24, "FN": 37, "IDS": 7}