{"MOTA": 0.9572721532308988, "MOTP": 0.8690087219294976, "IDF1": 0.4082067679189981, "IDSW": 77, "HOTA": 0.399256179891464, "FP": 45, "FN": 284, "IDS": 16}