{"MOTA": 0.9627147766323024, "MOTP": 0.8115790112542346, "IDF1": 0.4884618684052501, "IDSW": 32, "HOTA": 0.4219447745905402, "FP": 101, "FN": 84, "IDS": 9}