{"MOTA": 0.9925970388155262, "MOTP": 0.8467909049308303, "IDF1": 0.9362141975926112, "IDSW": 6, "HOTA": 0.7820527328126708, "FP": 54, "FN": 51, "IDS": 26}