{"MOTA": 0.95, "MOTP": 0.8865091907764852, "IDF1": 0.6570266606416629, "IDSW": 27, "HOTA": 0.6371515731414613, "FP": 30, "FN": 111, "IDS": 13}