{"MOTA": 0.9638230940044411, "MOTP": 0.8772895376892653, "IDF1": 0.6320183873540035, "IDSW": 50, "HOTA": 0.570536357061265, "FP": 22, "FN": 319, "IDS": 17}