{"MOTA": 0.8691384950926936, "MOTP": 0.8626217077879947, "IDF1": 0.5798917687268584, "IDSW": 173, "HOTA": 0.5437724006406331, "FP": 370, "FN": 2097, "IDS": 92}