{"MOTA": 0.9688351175017419, "MOTP": 0.8641082791427277, "IDF1": 0.8756874280598542, "IDSW": 50, "HOTA": 0.7538251594752957, "FP": 72, "FN": 370, "IDS": 49}