{"MOTA": 0.9071516267648865, "MOTP": 0.8696490161995163, "IDF1": 0.34171091445427726, "IDSW": 167, "HOTA": 0.35383389086410233, "FP": 202, "FN": 841, "IDS": 33}