{"MOTA": 0.9634238310708899, "MOTP": 0.8741146748972048, "IDF1": 0.5408781226343679, "IDSW": 30, "HOTA": 0.5105737123275148, "FP": 62, "FN": 102, "IDS": 17}