{"MOTA": 0.9593177511054959, "MOTP": 0.848691444041722, "IDF1": 0.5312410841654779, "IDSW": 87, "HOTA": 0.49319446708204906, "FP": 221, "FN": 336, "IDS": 27}