{"MOTA": 0.9492048421552338, "MOTP": 0.8772807140921409, "IDF1": 0.4789383257301973, "IDSW": 53, "HOTA": 0.4714955321718966, "FP": 201, "FN": 174, "IDS": 22}