{"MOTA": 0.9894518272425249, "MOTP": 0.8604994192260657, "IDF1": 0.9676747479796718, "IDSW": 11, "HOTA": 0.8163154709905897, "FP": 21, "FN": 95, "IDS": 19}