{"MOTA": 0.9737360472751149, "MOTP": 0.9630273585131505, "IDF1": 0.6828376806778534, "IDSW": 14, "HOTA": 0.673370706564515, "FP": 0, "FN": 146, "IDS": 9}