{"MOTA": 0.9171821305841924, "MOTP": 0.9386010592953694, "IDF1": 0.5019635844341307, "IDSW": 26, "HOTA": 0.4846301646774057, "FP": 10, "FN": 446, "IDS": 10}