{"MOTA": 0.8607065501531108, "MOTP": 0.8980478905329764, "IDF1": 0.3686103973117217, "IDSW": 168, "HOTA": 0.36798787233027125, "FP": 107, "FN": 1590, "IDS": 57}