{"MOTA": 0.933382445800884, "MOTP": 0.9444950314144461, "IDF1": 0.40815662454579965, "IDSW": 62, "HOTA": 0.44118906136492436, "FP": 3, "FN": 568, "IDS": 16}