{"MOTA": 0.9386305521356189, "MOTP": 0.9391503245187346, "IDF1": 0.5269094268073314, "IDSW": 59, "HOTA": 0.5279376351851519, "FP": 20, "FN": 569, "IDS": 14}