{"MOTA": 0.9720130024577817, "MOTP": 0.9565086178851382, "IDF1": 0.5588070680418965, "IDSW": 27, "HOTA": 0.589362583065879, "FP": 57, "FN": 269, "IDS": 9}