{"MOTA": 0.881297317506309, "MOTP": 0.9102780684137616, "IDF1": 0.5578426521523998, "IDSW": 46, "HOTA": 0.5401017809210936, "FP": 18, "FN": 1206, "IDS": 27}