{"MOTA": 0.9869233563385398, "MOTP": 0.9570292301239147, "IDF1": 0.7761539398368043, "IDSW": 8, "HOTA": 0.7963897267365613, "FP": 2, "FN": 98, "IDS": 13}