{"MOTA": 0.9814066289409863, "MOTP": 0.9313112289820246, "IDF1": 0.8529220250691845, "IDSW": 44, "HOTA": 0.8104978547695658, "FP": 9, "FN": 177, "IDS": 31}