{"MOTA": 0.9448504983388705, "MOTP": 0.945396440266127, "IDF1": 0.9664475369247845, "IDSW": 6, "HOTA": 0.8949302682310902, "FP": 2, "FN": 656, "IDS": 17}