{"MOTA": 0.9891791044776119, "MOTP": 0.9482715352189639, "IDF1": 0.8512590096414865, "IDSW": 6, "HOTA": 0.810174044015953, "FP": 18, "FN": 92, "IDS": 9}