{"MOTA": 0.9276689829437776, "MOTP": 0.9193590195959269, "IDF1": 0.6120987171973693, "IDSW": 93, "HOTA": 0.5759752910358372, "FP": 53, "FN": 999, "IDS": 25}