{"MOTA": 0.932845744680851, "MOTP": 0.9509695274232258, "IDF1": 0.7988111568358482, "IDSW": 11, "HOTA": 0.7466222652220714, "FP": 8, "FN": 284, "IDS": 10}