{"MOTA": 0.8425335892514395, "MOTP": 0.929093704967741, "IDF1": 0.45534382767191384, "IDSW": 73, "HOTA": 0.4409804209618244, "FP": 34, "FN": 1944, "IDS": 22}