{"MOTA": 0.9195428059166293, "MOTP": 0.9413973290934385, "IDF1": 0.4688917315966973, "IDSW": 22, "HOTA": 0.485002576634018, "FP": 6, "FN": 331, "IDS": 11}