{"MOTA": 0.8849512932482365, "MOTP": 0.9390963537344144, "IDF1": 0.47853087295954577, "IDSW": 35, "HOTA": 0.43925639156040436, "FP": 7, "FN": 643, "IDS": 12}