{"MOTA": 0.9328138163437236, "MOTP": 0.9193406888055298, "IDF1": 0.6530987821380243, "IDSW": 59, "HOTA": 0.6204551280767718, "FP": 31, "FN": 548, "IDS": 26}