{"MOTA": 0.9473981900452488, "MOTP": 0.9373554589072395, "IDF1": 0.4729794817454966, "IDSW": 26, "HOTA": 0.5210091302500013, "FP": 13, "FN": 240, "IDS": 15}