{"MOTA": 0.8204911092294666, "MOTP": 0.937621856824046, "IDF1": 0.5116666666666667, "IDSW": 38, "HOTA": 0.4563734023420065, "FP": 6, "FN": 1016, "IDS": 16}