{"MOTA": 0.9103059479318426, "MOTP": 0.9239865685310397, "IDF1": 0.8016537125847528, "IDSW": 59, "HOTA": 0.735361629991626, "FP": 9, "FN": 1348, "IDS": 53}