{"MOTA": 0.9859527687296417, "MOTP": 0.9585082236929875, "IDF1": 0.8663254861821904, "IDSW": 9, "HOTA": 0.8340672203003817, "FP": 3, "FN": 57, "IDS": 8}