{"MOTA": 0.9770573566084788, "MOTP": 0.9396276681699097, "IDF1": 0.8043679126417471, "IDSW": 9, "HOTA": 0.7322566149003525, "FP": 2, "FN": 127, "IDS": 7}