{"MOTA": 0.9234611666129552, "MOTP": 0.9188119698777624, "IDF1": 0.5879221427383131, "IDSW": 31, "HOTA": 0.5892530928287104, "FP": 27, "FN": 417, "IDS": 20}