{"MOTA": 0.906284454244763, "MOTP": 0.9398047676588116, "IDF1": 0.6790206433029284, "IDSW": 19, "HOTA": 0.6312630222646053, "FP": 11, "FN": 480, "IDS": 14}