{"MOTA": 0.9282738095238096, "MOTP": 0.933569029294107, "IDF1": 0.6281067812212335, "IDSW": 29, "HOTA": 0.592649465240169, "FP": 5, "FN": 207, "IDS": 9}