{"MOTA": 0.8896350364963503, "MOTP": 0.9491769454060782, "IDF1": 0.36775431861804225, "IDSW": 65, "HOTA": 0.3933881176002251, "FP": 8, "FN": 683, "IDS": 12}