{"MOTA": 0.832953306235749, "MOTP": 0.894572253745264, "IDF1": 0.5954810106297741, "IDSW": 168, "HOTA": 0.5599058741072492, "FP": 148, "FN": 3054, "IDS": 103}