{"MOTA": 0.9651074862266393, "MOTP": 0.9490138588326416, "IDF1": 0.4792053269293745, "IDSW": 45, "HOTA": 0.49986275709190314, "FP": 43, "FN": 235, "IDS": 14}