{"MOTA": 0.8988928904895291, "MOTP": 0.9310006230541886, "IDF1": 0.7732388933693327, "IDSW": 15, "HOTA": 0.7235974317282405, "FP": 16, "FN": 1485, "IDS": 32}