{"MOTA": 0.962396006655574, "MOTP": 0.9406094405288704, "IDF1": 0.6385715494626386, "IDSW": 17, "HOTA": 0.5689010334361047, "FP": 3, "FN": 206, "IDS": 8}