{"MOTA": 0.939859363434493, "MOTP": 0.9397292599453198, "IDF1": 0.6482062993624512, "IDSW": 42, "HOTA": 0.623156052960217, "FP": 5, "FN": 603, "IDS": 18}