{"MOTA": 0.9255869957856713, "MOTP": 0.9462824980751974, "IDF1": 0.34860446323118044, "IDSW": 59, "HOTA": 0.41029119941389847, "FP": 18, "FN": 541, "IDS": 17}