{"MOTA": 0.8721608348680172, "MOTP": 0.9190420872144398, "IDF1": 0.353584447144593, "IDSW": 150, "HOTA": 0.37263232233974153, "FP": 71, "FN": 1445, "IDS": 37}