{"MOTA": 0.9590545938748336, "MOTP": 0.9406007606750528, "IDF1": 0.640040616009477, "IDSW": 12, "HOTA": 0.6094963670730081, "FP": 6, "FN": 105, "IDS": 9}