{"MOTA": 0.9521438895134093, "MOTP": 0.941290987400965, "IDF1": 0.5104183757178015, "IDSW": 20, "HOTA": 0.526726505413231, "FP": 7, "FN": 271, "IDS": 9}