{"MOTA": 0.8821480406386066, "MOTP": 0.9339089330384116, "IDF1": 0.7233716475095785, "IDSW": 13, "HOTA": 0.6842447037680545, "FP": 14, "FN": 379, "IDS": 16}