{"MOTA": 0.8792688792688793, "MOTP": 0.9311853438705255, "IDF1": 0.45582651253058815, "IDSW": 104, "HOTA": 0.4222443649097817, "FP": 13, "FN": 636, "IDS": 19}