{"MOTA": 0.9903626680192746, "MOTP": 0.9489462597737433, "IDF1": 0.9951623169955442, "IDSW": 2, "HOTA": 0.9457577892791598, "FP": 6, "FN": 68, "IDS": 7}