{"MOTA": 0.8627124291902699, "MOTP": 0.9329786562911543, "IDF1": 0.5016448830799324, "IDSW": 45, "HOTA": 0.48331621919844225, "FP": 11, "FN": 768, "IDS": 11}