{"MOTA": 0.9389983384761452, "MOTP": 0.9366413313431332, "IDF1": 0.49223142494407834, "IDSW": 47, "HOTA": 0.5259671127893558, "FP": 78, "FN": 389, "IDS": 20}